loss,params,iteration,train_time
0.8279951309739384,"{'L2_reg': 0.01, 'act': 'tanh', 'batch_size': 16, 'decay': 0.0001, 'drop_out': 0.1575770580479135, 'layers': 1, 'learn_rate': 1, 'neurons': 256}",1,194.97925514499912
0.8360755526227721,"{'L2_reg': 0.001, 'act': 'sigmoid', 'batch_size': 64, 'decay': 0.0001, 'drop_out': 0.015663490748770048, 'layers': 2, 'learn_rate': 10, 'neurons': 64}",2,84.2361464379992
0.8888108398482797,"{'L2_reg': 0.001, 'act': 'tanh', 'batch_size': 64, 'decay': 0.0001, 'drop_out': 0.14607076862661733, 'layers': 1, 'learn_rate': 1, 'neurons': 1024}",3,75.51300573499975
0.779664644462312,"{'L2_reg': 0.01, 'act': 'sigmoid', 'batch_size': 32, 'decay': 1e-06, 'drop_out': 0.3117681019583575, 'layers': 3, 'learn_rate': 0.01, 'neurons': 1024}",4,107.2992067110008
0.7300262256671778,"{'L2_reg': 0.0001, 'act': 'sigmoid', 'batch_size': 128, 'decay': 0, 'drop_out': 0.3993921840014312, 'layers': 4, 'learn_rate': 10, 'neurons': 64}",5,78.63616790000015
0.8225564220947281,"{'L2_reg': 0.001, 'act': 'tanh', 'batch_size': 64, 'decay': 1e-06, 'drop_out': 0.45931405561159594, 'layers': 4, 'learn_rate': 0.01, 'neurons': 512}",6,84.17025365200061
0.8152810065106617,"{'L2_reg': 0.01, 'act': 'tanh', 'batch_size': 64, 'decay': 0, 'drop_out': 0.357316952738663, 'layers': 3, 'learn_rate': 0.001, 'neurons': 256}",7,72.28117579100035
0.7360751403394785,"{'L2_reg': 0.0001, 'act': 'tanh', 'batch_size': 128, 'decay': 1e-06, 'drop_out': 0.15603272936309692, 'layers': 2, 'learn_rate': 10, 'neurons': 1024}",8,71.98157254999933
0.9368674115897353,"{'L2_reg': 0.0001, 'act': 'tanh', 'batch_size': 64, 'decay': 1e-06, 'drop_out': 0.4290094286224597, 'layers': 3, 'learn_rate': 0.001, 'neurons': 256}",9,70.94080384100016
0.7073283858998145,"{'L2_reg': 0.0001, 'act': 'tanh', 'batch_size': 256, 'decay': 0, 'drop_out': 0.157732441411295, 'layers': 1, 'learn_rate': 0.01, 'neurons': 256}",10,57.56705003599927
0.8071370963865078,"{'L2_reg': 0.001, 'act': 'sigmoid', 'batch_size': 16, 'decay': 1e-05, 'drop_out': 0.24733740138498583, 'layers': 2, 'learn_rate': 0.1, 'neurons': 128}",11,132.97726947999945
0.8374636363513333,"{'L2_reg': 0.0001, 'act': 'tanh', 'batch_size': 64, 'decay': 0, 'drop_out': 0.2454258236625888, 'layers': 1, 'learn_rate': 0.001, 'neurons': 128}",12,68.46821144000023
0.855738805073216,"{'L2_reg': 0.01, 'act': 'tanh', 'batch_size': 32, 'decay': 1e-05, 'drop_out': 0.4559125553636742, 'layers': 1, 'learn_rate': 0.001, 'neurons': 512}",13,107.30549926700041
0.7483319804307558,"{'L2_reg': 0.0001, 'act': 'sigmoid', 'batch_size': 128, 'decay': 1e-06, 'drop_out': 0.2158030706885175, 'layers': 1, 'learn_rate': 0.01, 'neurons': 1024}",14,62.98818354499963
0.8778221716129103,"{'L2_reg': 0.01, 'act': 'tanh', 'batch_size': 64, 'decay': 1e-06, 'drop_out': 0.49862082260738266, 'layers': 3, 'learn_rate': 0.01, 'neurons': 256}",15,101.31382091500018
0.82590600869439,"{'L2_reg': 0.0001, 'act': 'tanh', 'batch_size': 256, 'decay': 1e-05, 'drop_out': 0.26052445476591496, 'layers': 4, 'learn_rate': 0.01, 'neurons': 64}",16,66.52614671300034
0.7874521296848391,"{'L2_reg': 0.01, 'act': 'tanh', 'batch_size': 32, 'decay': 0.0001, 'drop_out': 0.4206061078753529, 'layers': 4, 'learn_rate': 0.1, 'neurons': 256}",17,92.47934263799834
0.9171703376851484,"{'L2_reg': 0.0001, 'act': 'tanh', 'batch_size': 16, 'decay': 1e-06, 'drop_out': 0.30790795497784385, 'layers': 3, 'learn_rate': 1, 'neurons': 512}",18,145.49852399299925
0.9133440334259383,"{'L2_reg': 0.0001, 'act': 'tanh', 'batch_size': 64, 'decay': 0, 'drop_out': 0.3161105795458979, 'layers': 1, 'learn_rate': 0.1, 'neurons': 64}",19,69.65318098900025
0.559932728531034,"{'L2_reg': 0.01, 'act': 'sigmoid', 'batch_size': 256, 'decay': 1e-05, 'drop_out': 0.06728295873335383, 'layers': 2, 'learn_rate': 1, 'neurons': 512}",20,65.63139787799992
0.6186468658005155,"{'L2_reg': 0.0001, 'act': 'sigmoid', 'batch_size': 256, 'decay': 1e-05, 'drop_out': 0.006139913626476215, 'layers': 2, 'learn_rate': 1, 'neurons': 512}",21,76.33140137400005
0.7622334082436063,"{'L2_reg': 0.0001, 'act': 'sigmoid', 'batch_size': 256, 'decay': 1e-05, 'drop_out': 0.02202738392947673, 'layers': 2, 'learn_rate': 1, 'neurons': 512}",22,67.35433619399919
0.7299859904059383,"{'L2_reg': 0.0001, 'act': 'sigmoid', 'batch_size': 256, 'decay': 1e-05, 'drop_out': 0.0649993941928054, 'layers': 2, 'learn_rate': 1, 'neurons': 512}",23,63.79571423300149
0.5585973829276274,"{'L2_reg': 0.0001, 'act': 'sigmoid', 'batch_size': 256, 'decay': 1e-05, 'drop_out': 0.09143341450136044, 'layers': 2, 'learn_rate': 1, 'neurons': 512}",24,68.36744004799948
0.6408474055036728,"{'L2_reg': 0.0001, 'act': 'sigmoid', 'batch_size': 256, 'decay': 1e-05, 'drop_out': 0.0880655840594779, 'layers': 2, 'learn_rate': 1, 'neurons': 512}",25,75.98467851500027
0.6333158769432415,"{'L2_reg': 0.01, 'act': 'sigmoid', 'batch_size': 256, 'decay': 1e-05, 'drop_out': 0.08863908302005105, 'layers': 2, 'learn_rate': 1, 'neurons': 512}",26,68.46164579099968
0.5209017531275573,"{'L2_reg': 0.0001, 'act': 'sigmoid', 'batch_size': 256, 'decay': 1e-05, 'drop_out': 0.050332044786915275, 'layers': 2, 'learn_rate': 1, 'neurons': 512}",27,69.85541327399915
0.6996442131267508,"{'L2_reg': 0.0001, 'act': 'sigmoid', 'batch_size': 256, 'decay': 1e-05, 'drop_out': 0.1174813482353216, 'layers': 2, 'learn_rate': 1, 'neurons': 128}",28,68.92503087399928
0.8240774275607718,"{'L2_reg': 0.0001, 'act': 'sigmoid', 'batch_size': 16, 'decay': 1e-05, 'drop_out': 0.19442991721332964, 'layers': 2, 'learn_rate': 1, 'neurons': 512}",29,212.09614662199965
0.6466450216450217,"{'L2_reg': 0.0001, 'act': 'sigmoid', 'batch_size': 256, 'decay': 1e-05, 'drop_out': 0.04780014143375897, 'layers': 2, 'learn_rate': 1, 'neurons': 512}",30,72.15531655799896
0.6297807287668625,"{'L2_reg': 0.0001, 'act': 'sigmoid', 'batch_size': 256, 'decay': 0.0001, 'drop_out': 0.12037023928973559, 'layers': 2, 'learn_rate': 10, 'neurons': 128}",31,78.06343905200083
0.6186468658005155,"{'L2_reg': 0.0001, 'act': 'sigmoid', 'batch_size': 128, 'decay': 0.0001, 'drop_out': 0.19167631113432823, 'layers': 2, 'learn_rate': 1, 'neurons': 512}",32,83.6060276570006
0.7360751403394785,"{'L2_reg': 0.001, 'act': 'sigmoid', 'batch_size': 32, 'decay': 1e-05, 'drop_out': 0.03308844007644193, 'layers': 2, 'learn_rate': 0.1, 'neurons': 1024}",33,101.82731836399944
0.6588329051157148,"{'L2_reg': 0.0001, 'act': 'sigmoid', 'batch_size': 256, 'decay': 1e-05, 'drop_out': 0.12064430352787256, 'layers': 4, 'learn_rate': 10, 'neurons': 64}",34,84.94644462299948
0.8923727158097312,"{'L2_reg': 0.001, 'act': 'sigmoid', 'batch_size': 16, 'decay': 0.0001, 'drop_out': 0.009520030069059826, 'layers': 2, 'learn_rate': 1, 'neurons': 512}",35,182.11831650800013
0.7131643154271379,"{'L2_reg': 0.0001, 'act': 'sigmoid', 'batch_size': 256, 'decay': 1e-05, 'drop_out': 0.0863498910945441, 'layers': 3, 'learn_rate': 1, 'neurons': 512}",36,72.51301102400066
0.6275283454781231,"{'L2_reg': 0.0001, 'act': 'sigmoid', 'batch_size': 128, 'decay': 0, 'drop_out': 0.1875087129589585, 'layers': 4, 'learn_rate': 10, 'neurons': 1024}",37,103.03505932299959
0.7887486464733449,"{'L2_reg': 0.001, 'act': 'sigmoid', 'batch_size': 32, 'decay': 1e-05, 'drop_out': 0.13507618639027819, 'layers': 2, 'learn_rate': 0.001, 'neurons': 64}",38,113.10979017499994
0.5209017531275573,"{'L2_reg': 0.0001, 'act': 'sigmoid', 'batch_size': 256, 'decay': 0.0001, 'drop_out': 0.2852548224894034, 'layers': 2, 'learn_rate': 1, 'neurons': 512}",39,77.71736720899935
0.6989562317707616,"{'L2_reg': 0.0001, 'act': 'sigmoid', 'batch_size': 16, 'decay': 0.0001, 'drop_out': 0.3589622654601732, 'layers': 3, 'learn_rate': 0.1, 'neurons': 128}",40,210.55291937500078
0.6958503323519012,"{'L2_reg': 0.0001, 'act': 'sigmoid', 'batch_size': 256, 'decay': 0.0001, 'drop_out': 0.28636062670082524, 'layers': 4, 'learn_rate': 10, 'neurons': 1024}",41,82.15817437500118
0.7131643154271379,"{'L2_reg': 0.001, 'act': 'sigmoid', 'batch_size': 128, 'decay': 0.0001, 'drop_out': 0.38131137054094666, 'layers': 1, 'learn_rate': 0.001, 'neurons': 256}",42,81.43048652900143
0.8160319048274169,"{'L2_reg': 0.0001, 'act': 'sigmoid', 'batch_size': 32, 'decay': 0.0001, 'drop_out': 0.34150391999123375, 'layers': 2, 'learn_rate': 1, 'neurons': 512}",43,118.4374008550003
0.6365508944035716,"{'L2_reg': 0.0001, 'act': 'sigmoid', 'batch_size': 256, 'decay': 0.0001, 'drop_out': 0.22399949906826264, 'layers': 2, 'learn_rate': 0.01, 'neurons': 64}",44,71.5496629729987
0.7947892776089599,"{'L2_reg': 0.0001, 'act': 'sigmoid', 'batch_size': 64, 'decay': 0, 'drop_out': 0.17094283001407634, 'layers': 3, 'learn_rate': 0.001, 'neurons': 512}",45,96.04271856499872
0.5585973829276274,"{'L2_reg': 0.01, 'act': 'sigmoid', 'batch_size': 128, 'decay': 1e-06, 'drop_out': 0.2725352970924747, 'layers': 1, 'learn_rate': 1, 'neurons': 256}",46,99.44111110999984
0.7295450098124823,"{'L2_reg': 0.001, 'act': 'tanh', 'batch_size': 256, 'decay': 0.0001, 'drop_out': 0.4926724600700173, 'layers': 4, 'learn_rate': 0.01, 'neurons': 128}",47,91.44359523199819
0.829017581880351,"{'L2_reg': 0.0001, 'act': 'sigmoid', 'batch_size': 16, 'decay': 0.0001, 'drop_out': 0.2264941957294588, 'layers': 2, 'learn_rate': 0.1, 'neurons': 1024}",48,194.92138338299992
0.7520046213182636,"{'L2_reg': 0.0001, 'act': 'tanh', 'batch_size': 64, 'decay': 1e-06, 'drop_out': 0.29946476547077305, 'layers': 1, 'learn_rate': 1, 'neurons': 512}",49,100.83052854800007
0.8172530037279282,"{'L2_reg': 0.01, 'act': 'sigmoid', 'batch_size': 32, 'decay': 0, 'drop_out': 0.46364132095515287, 'layers': 3, 'learn_rate': 10, 'neurons': 256}",50,101.01302976899933
0.7888612266413508,"{'L2_reg': 0.0001, 'act': 'tanh', 'batch_size': 256, 'decay': 0.0001, 'drop_out': 0.33045084374639005, 'layers': 2, 'learn_rate': 0.001, 'neurons': 512}",51,76.01334674400096
0.6632665708098973,"{'L2_reg': 0.0001, 'act': 'sigmoid', 'batch_size': 256, 'decay': 1e-06, 'drop_out': 0.39955487275471957, 'layers': 4, 'learn_rate': 0.01, 'neurons': 64}",52,78.67363292600021
0.6507323088138721,"{'L2_reg': 0.001, 'act': 'sigmoid', 'batch_size': 64, 'decay': 0, 'drop_out': 0.2526916970404363, 'layers': 2, 'learn_rate': 1, 'neurons': 128}",53,98.66171199000019
0.731973883323038,"{'L2_reg': 0.0001, 'act': 'tanh', 'batch_size': 128, 'decay': 0.0001, 'drop_out': 0.3608665228163867, 'layers': 1, 'learn_rate': 0.1, 'neurons': 512}",54,90.55922629399902
0.5916305916305916,"{'L2_reg': 0.01, 'act': 'sigmoid', 'batch_size': 256, 'decay': 1e-06, 'drop_out': 0.43085899590508475, 'layers': 2, 'learn_rate': 1, 'neurons': 1024}",55,78.96160895499997
0.8268531456194236,"{'L2_reg': 0.0001, 'act': 'sigmoid', 'batch_size': 16, 'decay': 0, 'drop_out': 0.21020805449323687, 'layers': 3, 'learn_rate': 1, 'neurons': 512}",56,158.9768662230017
0.7360751403394785,"{'L2_reg': 0.0001, 'act': 'tanh', 'batch_size': 256, 'decay': 0.0001, 'drop_out': 0.166507671402214, 'layers': 2, 'learn_rate': 0.01, 'neurons': 256}",57,74.81684997000048
0.7393757247678814,"{'L2_reg': 0.0001, 'act': 'sigmoid', 'batch_size': 32, 'decay': 1e-05, 'drop_out': 0.2768470476006291, 'layers': 2, 'learn_rate': 1, 'neurons': 512}",58,203.55766744800349
0.6629132308613384,"{'L2_reg': 0.01, 'act': 'sigmoid', 'batch_size': 256, 'decay': 1e-06, 'drop_out': 0.1456569326019384, 'layers': 1, 'learn_rate': 0.001, 'neurons': 64}",59,84.25661200399918
0.8016388373531231,"{'L2_reg': 0.0001, 'act': 'tanh', 'batch_size': 64, 'decay': 0.0001, 'drop_out': 0.235980950650578, 'layers': 4, 'learn_rate': 10, 'neurons': 512}",60,109.66564968899911
0.677361003069997,"{'L2_reg': 0.0001, 'act': 'sigmoid', 'batch_size': 256, 'decay': 1e-05, 'drop_out': 0.32850364416012434, 'layers': 2, 'learn_rate': 1, 'neurons': 128}",61,77.01243890399928
0.6958503323519012,"{'L2_reg': 0.001, 'act': 'sigmoid', 'batch_size': 256, 'decay': 0, 'drop_out': 0.3856859022042707, 'layers': 2, 'learn_rate': 0.1, 'neurons': 512}",62,79.15034227700016
0.8880035296214369,"{'L2_reg': 0.0001, 'act': 'sigmoid', 'batch_size': 16, 'decay': 1e-05, 'drop_out': 0.2085931396143034, 'layers': 3, 'learn_rate': 1, 'neurons': 256}",63,168.9918906009989
0.8701350770942987,"{'L2_reg': 0.0001, 'act': 'tanh', 'batch_size': 128, 'decay': 0.0001, 'drop_out': 0.44181484256555287, 'layers': 2, 'learn_rate': 1, 'neurons': 512}",64,81.88560831799987
0.5842141297723125,"{'L2_reg': 0.0001, 'act': 'sigmoid', 'batch_size': 256, 'decay': 1e-05, 'drop_out': 0.10627679367289165, 'layers': 2, 'learn_rate': 0.01, 'neurons': 1024}",65,82.79736737300118
0.6632665708098973,"{'L2_reg': 0.0001, 'act': 'sigmoid', 'batch_size': 256, 'decay': 1e-05, 'drop_out': 0.04880298038925912, 'layers': 2, 'learn_rate': 1, 'neurons': 512}",66,80.60436706999826
0.5637055337298639,"{'L2_reg': 0.01, 'act': 'sigmoid', 'batch_size': 128, 'decay': 1e-06, 'drop_out': 0.26898201484757084, 'layers': 1, 'learn_rate': 1, 'neurons': 256}",67,107.0288058240003
0.6358808491773826,"{'L2_reg': 0.0001, 'act': 'sigmoid', 'batch_size': 256, 'decay': 1e-05, 'drop_out': 0.0765484950034058, 'layers': 2, 'learn_rate': 1, 'neurons': 512}",68,83.95599732499977
0.6466450216450217,"{'L2_reg': 0.0001, 'act': 'sigmoid', 'batch_size': 256, 'decay': 1e-05, 'drop_out': 0.026359317694039184, 'layers': 2, 'learn_rate': 1, 'neurons': 512}",69,79.83544731599977
0.6095343682137098,"{'L2_reg': 0.0001, 'act': 'sigmoid', 'batch_size': 256, 'decay': 1e-05, 'drop_out': 0.00010530119874160859, 'layers': 2, 'learn_rate': 1, 'neurons': 512}",70,87.3164039200019
0.715182517971686,"{'L2_reg': 0.0001, 'act': 'sigmoid', 'batch_size': 256, 'decay': 1e-05, 'drop_out': 0.04221130204492965, 'layers': 2, 'learn_rate': 1, 'neurons': 512}",71,82.54621010399933
0.707467548507956,"{'L2_reg': 0.0001, 'act': 'sigmoid', 'batch_size': 256, 'decay': 1e-05, 'drop_out': 0.058666646781752534, 'layers': 2, 'learn_rate': 1, 'neurons': 512}",72,84.83802767199813
0.7904477816768931,"{'L2_reg': 0.0001, 'act': 'sigmoid', 'batch_size': 32, 'decay': 1e-05, 'drop_out': 0.10852884520317259, 'layers': 2, 'learn_rate': 1, 'neurons': 512}",73,124.32403702499869
0.6095343682137098,"{'L2_reg': 0.01, 'act': 'sigmoid', 'batch_size': 128, 'decay': 1e-06, 'drop_out': 0.2971195057095871, 'layers': 1, 'learn_rate': 10, 'neurons': 256}",74,103.97408208399793
0.6588329051157148,"{'L2_reg': 0.01, 'act': 'sigmoid', 'batch_size': 128, 'decay': 1e-06, 'drop_out': 0.31815387149108554, 'layers': 1, 'learn_rate': 1, 'neurons': 256}",75,90.72533321899755
0.6958503323519012,"{'L2_reg': 0.0001, 'act': 'sigmoid', 'batch_size': 256, 'decay': 1e-05, 'drop_out': 0.18400414242127322, 'layers': 2, 'learn_rate': 0.001, 'neurons': 512}",76,81.58143566499712
0.724146058600639,"{'L2_reg': 0.0001, 'act': 'sigmoid', 'batch_size': 256, 'decay': 1e-05, 'drop_out': 0.13823937634618194, 'layers': 4, 'learn_rate': 0.1, 'neurons': 64}",77,85.0438884460018
0.7126682647919717,"{'L2_reg': 0.001, 'act': 'sigmoid', 'batch_size': 64, 'decay': 0.0001, 'drop_out': 0.020689336251645735, 'layers': 2, 'learn_rate': 1, 'neurons': 128}",78,100.95504939699822
0.6023870830191554,"{'L2_reg': 0.01, 'act': 'sigmoid', 'batch_size': 128, 'decay': 1e-06, 'drop_out': 0.3460459550398607, 'layers': 1, 'learn_rate': 1, 'neurons': 256}",79,126.09070637900004
0.7016594516594516,"{'L2_reg': 0.0001, 'act': 'sigmoid', 'batch_size': 256, 'decay': 1e-05, 'drop_out': 0.0956712617748198, 'layers': 3, 'learn_rate': 10, 'neurons': 512}",80,85.23974548099795
0.8979851819416366,"{'L2_reg': 0.0001, 'act': 'tanh', 'batch_size': 16, 'decay': 0.0001, 'drop_out': 0.2417751197799724, 'layers': 2, 'learn_rate': 0.01, 'neurons': 512}",81,159.14598899699922
0.7468576612400043,"{'L2_reg': 0.01, 'act': 'sigmoid', 'batch_size': 128, 'decay': 1e-06, 'drop_out': 0.2869929627042187, 'layers': 1, 'learn_rate': 1, 'neurons': 256}",82,95.650468773998
0.6475265064170677,"{'L2_reg': 0.01, 'act': 'sigmoid', 'batch_size': 128, 'decay': 1e-06, 'drop_out': 0.2533073448289202, 'layers': 1, 'learn_rate': 0.001, 'neurons': 256}",83,110.18309698200028
0.6186468658005155,"{'L2_reg': 0.01, 'act': 'sigmoid', 'batch_size': 128, 'decay': 1e-06, 'drop_out': 0.2667902305993637, 'layers': 1, 'learn_rate': 0.1, 'neurons': 256}",84,99.4322549369972
0.7250423837864256,"{'L2_reg': 0.01, 'act': 'tanh', 'batch_size': 128, 'decay': 1e-06, 'drop_out': 0.3776522664609449, 'layers': 1, 'learn_rate': 1, 'neurons': 1024}",85,90.57123404500089
0.7034891902694249,"{'L2_reg': 0.0001, 'act': 'sigmoid', 'batch_size': 32, 'decay': 0, 'drop_out': 0.16115106657688877, 'layers': 2, 'learn_rate': 1, 'neurons': 512}",86,185.66190988800008
0.5861255950331659,"{'L2_reg': 0.01, 'act': 'sigmoid', 'batch_size': 128, 'decay': 1e-06, 'drop_out': 0.19694149089960333, 'layers': 1, 'learn_rate': 1, 'neurons': 256}",87,114.61713320900162
0.8879159220836411,"{'L2_reg': 0.01, 'act': 'sigmoid', 'batch_size': 64, 'decay': 0.0001, 'drop_out': 0.48362576711939775, 'layers': 4, 'learn_rate': 0.01, 'neurons': 64}",88,104.41059664000204
0.6080859094671984,"{'L2_reg': 0.0001, 'act': 'sigmoid', 'batch_size': 256, 'decay': 1e-05, 'drop_out': 0.12921613986261515, 'layers': 2, 'learn_rate': 10, 'neurons': 128}",89,102.84720538600232
0.8116883116883117,"{'L2_reg': 0.001, 'act': 'tanh', 'batch_size': 16, 'decay': 1e-06, 'drop_out': 0.23373029543769513, 'layers': 1, 'learn_rate': 0.001, 'neurons': 256}",90,147.6842074640008
0.6690245307141749,"{'L2_reg': 0.0001, 'act': 'sigmoid', 'batch_size': 256, 'decay': 1e-05, 'drop_out': 0.17501328162377527, 'layers': 3, 'learn_rate': 0.1, 'neurons': 512}",91,102.65611117899971
0.7739503654965318,"{'L2_reg': 0.01, 'act': 'sigmoid', 'batch_size': 32, 'decay': 0.0001, 'drop_out': 0.39498283667023665, 'layers': 1, 'learn_rate': 1, 'neurons': 1024}",92,135.09069040699978
0.6406298813569545,"{'L2_reg': 0.0001, 'act': 'sigmoid', 'batch_size': 128, 'decay': 0, 'drop_out': 0.3693982897440654, 'layers': 4, 'learn_rate': 1, 'neurons': 256}",93,104.49947749299827
0.9348065608232449,"{'L2_reg': 0.001, 'act': 'tanh', 'batch_size': 64, 'decay': 1e-06, 'drop_out': 0.30462318603788335, 'layers': 1, 'learn_rate': 1, 'neurons': 64}",94,98.37738016900039
0.818242614121292,"{'L2_reg': 0.01, 'act': 'sigmoid', 'batch_size': 128, 'decay': 0.0001, 'drop_out': 0.28387283125932167, 'layers': 3, 'learn_rate': 0.01, 'neurons': 128}",95,101.87530893699659
0.8380755244222386,"{'L2_reg': 0.0001, 'act': 'sigmoid', 'batch_size': 16, 'decay': 1e-06, 'drop_out': 0.3425930010518018, 'layers': 1, 'learn_rate': 10, 'neurons': 1024}",96,216.22305774999768
0.9233594336212506,"{'L2_reg': 0.01, 'act': 'sigmoid', 'batch_size': 32, 'decay': 0.0001, 'drop_out': 0.19883143070701312, 'layers': 4, 'learn_rate': 1, 'neurons': 256}",97,135.4390298790022
0.659049739178102,"{'L2_reg': 0.001, 'act': 'sigmoid', 'batch_size': 128, 'decay': 0, 'drop_out': 0.2194234499266594, 'layers': 3, 'learn_rate': 0.001, 'neurons': 64}",98,125.63742490100049
0.7739503654965318,"{'L2_reg': 0.0001, 'act': 'tanh', 'batch_size': 256, 'decay': 1e-05, 'drop_out': 0.07641470377708069, 'layers': 2, 'learn_rate': 0.1, 'neurons': 512}",99,89.12291110499791
0.7224529837778424,"{'L2_reg': 0.0001, 'act': 'sigmoid', 'batch_size': 256, 'decay': 1e-05, 'drop_out': 0.054015603731481926, 'layers': 2, 'learn_rate': 1, 'neurons': 512}",100,91.74286757600203
0.5842141297723125,"{'L2_reg': 0.0001, 'act': 'sigmoid', 'batch_size': 256, 'decay': 1e-05, 'drop_out': 0.03679376833755509, 'layers': 2, 'learn_rate': 1, 'neurons': 512}",101,95.76317901100265
0.8935109358197566,"{'L2_reg': 0.01, 'act': 'sigmoid', 'batch_size': 64, 'decay': 0.0001, 'drop_out': 0.3265587542456415, 'layers': 1, 'learn_rate': 1, 'neurons': 128}",102,101.95064492000165
0.9174519726596431,"{'L2_reg': 0.01, 'act': 'sigmoid', 'batch_size': 16, 'decay': 1e-06, 'drop_out': 0.41580476561723473, 'layers': 4, 'learn_rate': 0.01, 'neurons': 256}",103,226.76183481599946
0.8026067619677479,"{'L2_reg': 0.0001, 'act': 'tanh', 'batch_size': 128, 'decay': 0.0001, 'drop_out': 0.25876175196250195, 'layers': 1, 'learn_rate': 1, 'neurons': 1024}",104,97.49075513299977
0.5861255950331659,"{'L2_reg': 0.0001, 'act': 'sigmoid', 'batch_size': 256, 'decay': 1e-05, 'drop_out': 0.011925503767984832, 'layers': 2, 'learn_rate': 10, 'neurons': 512}",105,115.2516839639975
0.8334363446708299,"{'L2_reg': 0.0001, 'act': 'sigmoid', 'batch_size': 256, 'decay': 1e-05, 'drop_out': 0.1538855987599297, 'layers': 2, 'learn_rate': 0.001, 'neurons': 512}",106,95.62764676799998
0.722572600585577,"{'L2_reg': 0.0001, 'act': 'sigmoid', 'batch_size': 256, 'decay': 1e-05, 'drop_out': 0.10055597701151937, 'layers': 2, 'learn_rate': 1, 'neurons': 512}",107,95.85081980200266
0.7122497243866116,"{'L2_reg': 0.001, 'act': 'sigmoid', 'batch_size': 32, 'decay': 0, 'drop_out': 0.316008788647511, 'layers': 3, 'learn_rate': 0.1, 'neurons': 256}",108,146.14374011999826
0.7219947222986737,"{'L2_reg': 0.01, 'act': 'tanh', 'batch_size': 64, 'decay': 1e-06, 'drop_out': 0.4095820923676812, 'layers': 1, 'learn_rate': 1, 'neurons': 64}",109,155.96136448099787
0.690002803062418,"{'L2_reg': 0.0001, 'act': 'sigmoid', 'batch_size': 256, 'decay': 1e-05, 'drop_out': 0.0018262521027961331, 'layers': 2, 'learn_rate': 1, 'neurons': 512}",110,104.47286881900072
0.5799789984248687,"{'L2_reg': 0.0001, 'act': 'sigmoid', 'batch_size': 128, 'decay': 0.0001, 'drop_out': 0.35337739629894116, 'layers': 4, 'learn_rate': 0.01, 'neurons': 128}",111,117.45861372799845
0.8572915660650463,"{'L2_reg': 0.01, 'act': 'sigmoid', 'batch_size': 16, 'decay': 1e-06, 'drop_out': 0.182634958931569, 'layers': 1, 'learn_rate': 1, 'neurons': 256}",112,181.61619926099957
0.792108722382826,"{'L2_reg': 0.0001, 'act': 'sigmoid', 'batch_size': 256, 'decay': 1e-05, 'drop_out': 0.07184324529303597, 'layers': 2, 'learn_rate': 10, 'neurons': 512}",113,97.77974152299794
0.811795141556233,"{'L2_reg': 0.0001, 'act': 'tanh', 'batch_size': 256, 'decay': 1e-05, 'drop_out': 0.15269336572635236, 'layers': 2, 'learn_rate': 0.001, 'neurons': 512}",114,96.16504511599851
0.6297779330408825,"{'L2_reg': 0.001, 'act': 'sigmoid', 'batch_size': 128, 'decay': 0.0001, 'drop_out': 0.270084579971677, 'layers': 3, 'learn_rate': 1, 'neurons': 1024}",115,120.97191166000266
0.7131643154271379,"{'L2_reg': 0.0001, 'act': 'sigmoid', 'batch_size': 256, 'decay': 0, 'drop_out': 0.028658096981438494, 'layers': 2, 'learn_rate': 0.1, 'neurons': 512}",116,97.00414417199863
0.748013458556522,"{'L2_reg': 0.0001, 'act': 'sigmoid', 'batch_size': 256, 'decay': 1e-05, 'drop_out': 0.12033398726458577, 'layers': 2, 'learn_rate': 1, 'neurons': 512}",117,95.5892751729989
0.8172530037279282,"{'L2_reg': 0.01, 'act': 'sigmoid', 'batch_size': 32, 'decay': 1e-06, 'drop_out': 0.4460576928991139, 'layers': 1, 'learn_rate': 1, 'neurons': 256}",118,124.80670624300183
0.7108388830618229,"{'L2_reg': 0.0001, 'act': 'tanh', 'batch_size': 256, 'decay': 0.0001, 'drop_out': 0.08181968382696651, 'layers': 2, 'learn_rate': 0.01, 'neurons': 512}",119,110.97154054999919
0.7767324345155197,"{'L2_reg': 0.0001, 'act': 'sigmoid', 'batch_size': 128, 'decay': 1e-06, 'drop_out': 0.20869617438487614, 'layers': 4, 'learn_rate': 1, 'neurons': 64}",120,107.13082178999684
0.6333158769432415,"{'L2_reg': 0.01, 'act': 'sigmoid', 'batch_size': 64, 'decay': 0.0001, 'drop_out': 0.24464491402589408, 'layers': 1, 'learn_rate': 10, 'neurons': 256}",121,147.77081797500068
0.8257353674437876,"{'L2_reg': 0.001, 'act': 'sigmoid', 'batch_size': 16, 'decay': 0, 'drop_out': 0.29554509734688644, 'layers': 3, 'learn_rate': 1, 'neurons': 128}",122,235.5821478479993
0.722572600585577,"{'L2_reg': 0.01, 'act': 'sigmoid', 'batch_size': 128, 'decay': 1e-06, 'drop_out': 0.32831964333293606, 'layers': 1, 'learn_rate': 0.001, 'neurons': 1024}",123,117.1201912189972
0.7905074050582618,"{'L2_reg': 0.0001, 'act': 'tanh', 'batch_size': 32, 'decay': 0.0001, 'drop_out': 0.23264650185861824, 'layers': 4, 'learn_rate': 0.1, 'neurons': 256}",124,134.06932100599806
0.731973883323038,"{'L2_reg': 0.01, 'act': 'sigmoid', 'batch_size': 128, 'decay': 1e-06, 'drop_out': 0.30923056905351887, 'layers': 1, 'learn_rate': 1, 'neurons': 64}",125,125.31558531900009
0.7885277548148638,"{'L2_reg': 0.001, 'act': 'sigmoid', 'batch_size': 64, 'decay': 0.0001, 'drop_out': 0.4745359380207114, 'layers': 2, 'learn_rate': 1, 'neurons': 256}",126,126.39852496599997
0.8253278070035618,"{'L2_reg': 0.0001, 'act': 'sigmoid', 'batch_size': 16, 'decay': 0, 'drop_out': 0.2790969048122638, 'layers': 3, 'learn_rate': 0.01, 'neurons': 128}",127,200.34829690500192
0.5868985917858992,"{'L2_reg': 0.0001, 'act': 'sigmoid', 'batch_size': 256, 'decay': 1e-05, 'drop_out': 0.06417711502878862, 'layers': 2, 'learn_rate': 1, 'neurons': 512}",128,116.09285268099848
0.8059728236262121,"{'L2_reg': 0.0001, 'act': 'tanh', 'batch_size': 256, 'decay': 1e-05, 'drop_out': 0.12866188754638314, 'layers': 2, 'learn_rate': 10, 'neurons': 512}",129,102.27402520000032
0.6186468658005155,"{'L2_reg': 0.01, 'act': 'sigmoid', 'batch_size': 128, 'decay': 1e-06, 'drop_out': 0.37135179191782025, 'layers': 1, 'learn_rate': 1, 'neurons': 1024}",130,121.58784328000183
0.6186468658005155,"{'L2_reg': 0.0001, 'act': 'sigmoid', 'batch_size': 256, 'decay': 1e-05, 'drop_out': 0.043398139073161854, 'layers': 2, 'learn_rate': 0.001, 'neurons': 512}",131,102.5898970470007
0.7360751403394785,"{'L2_reg': 0.0001, 'act': 'sigmoid', 'batch_size': 256, 'decay': 1e-05, 'drop_out': 0.11175690059431793, 'layers': 2, 'learn_rate': 0.1, 'neurons': 512}",132,100.19160193100106
0.6773479309856845,"{'L2_reg': 0.0001, 'act': 'sigmoid', 'batch_size': 256, 'decay': 1e-05, 'drop_out': 0.08805101416237171, 'layers': 2, 'learn_rate': 1, 'neurons': 512}",133,104.93849749799847
0.83445502415985,"{'L2_reg': 0.0001, 'act': 'tanh', 'batch_size': 32, 'decay': 0.0001, 'drop_out': 0.3353185258953101, 'layers': 4, 'learn_rate': 1, 'neurons': 256}",134,166.18194595899695
0.7016594516594516,"{'L2_reg': 0.01, 'act': 'sigmoid', 'batch_size': 128, 'decay': 1e-06, 'drop_out': 0.42700393537167813, 'layers': 1, 'learn_rate': 0.01, 'neurons': 64}",135,109.61337253399688
0.6406298813569545,"{'L2_reg': 0.0001, 'act': 'sigmoid', 'batch_size': 256, 'decay': 1e-05, 'drop_out': 0.014107757813156901, 'layers': 2, 'learn_rate': 1, 'neurons': 512}",136,108.11913069300135
0.6700390791008155,"{'L2_reg': 0.0001, 'act': 'sigmoid', 'batch_size': 256, 'decay': 1e-05, 'drop_out': 0.17148805897276465, 'layers': 2, 'learn_rate': 10, 'neurons': 512}",137,101.68157643900122
0.6773479309856845,"{'L2_reg': 0.0001, 'act': 'sigmoid', 'batch_size': 256, 'decay': 0.0001, 'drop_out': 0.14231968395395964, 'layers': 2, 'learn_rate': 1, 'neurons': 512}",138,111.2916331569977
0.8127486956375296,"{'L2_reg': 0.001, 'act': 'tanh', 'batch_size': 64, 'decay': 0, 'drop_out': 0.3959677924251138, 'layers': 3, 'learn_rate': 0.001, 'neurons': 256}",139,137.6760745169995
0.8225564220947281,"{'L2_reg': 0.01, 'act': 'sigmoid', 'batch_size': 16, 'decay': 1e-06, 'drop_out': 0.22218816786939327, 'layers': 1, 'learn_rate': 0.1, 'neurons': 128}",140,167.32117498400112
0.7131643154271379,"{'L2_reg': 0.0001, 'act': 'sigmoid', 'batch_size': 128, 'decay': 0.0001, 'drop_out': 0.29506955733496226, 'layers': 4, 'learn_rate': 1, 'neurons': 1024}",141,136.69130824199965
0.7403970584278965,"{'L2_reg': 0.01, 'act': 'sigmoid', 'batch_size': 32, 'decay': 1e-06, 'drop_out': 0.20160991982887144, 'layers': 1, 'learn_rate': 1, 'neurons': 256}",142,135.4388841100008
0.7423920036056779,"{'L2_reg': 0.001, 'act': 'sigmoid', 'batch_size': 128, 'decay': 0.0001, 'drop_out': 0.25253461411451344, 'layers': 3, 'learn_rate': 1, 'neurons': 64}",143,114.91165945199828
0.7073283858998145,"{'L2_reg': 0.0001, 'act': 'sigmoid', 'batch_size': 256, 'decay': 1e-05, 'drop_out': 0.17900381751080527, 'layers': 2, 'learn_rate': 0.01, 'neurons': 512}",144,106.8840512980023
0.7219947222986737,"{'L2_reg': 0.0001, 'act': 'tanh', 'batch_size': 256, 'decay': 1e-05, 'drop_out': 0.053845040812182665, 'layers': 2, 'learn_rate': 10, 'neurons': 512}",145,115.20146698100143
0.6475265064170677,"{'L2_reg': 0.0001, 'act': 'sigmoid', 'batch_size': 256, 'decay': 1e-05, 'drop_out': 0.27147007914261706, 'layers': 2, 'learn_rate': 1, 'neurons': 512}",146,113.14572808799858
0.6186468658005155,"{'L2_reg': 0.0001, 'act': 'sigmoid', 'batch_size': 256, 'decay': 1e-05, 'drop_out': 0.3512300404366267, 'layers': 2, 'learn_rate': 1, 'neurons': 512}",147,108.82441441300034
0.6023870830191554,"{'L2_reg': 0.0001, 'act': 'sigmoid', 'batch_size': 256, 'decay': 0, 'drop_out': 0.09698914960981406, 'layers': 2, 'learn_rate': 1, 'neurons': 512}",148,133.60209635299907
0.6297779330408825,"{'L2_reg': 0.0001, 'act': 'sigmoid', 'batch_size': 256, 'decay': 1e-06, 'drop_out': 0.2888760264136708, 'layers': 2, 'learn_rate': 1, 'neurons': 512}",149,112.94379207599923
0.5209017531275573,"{'L2_reg': 0.0001, 'act': 'sigmoid', 'batch_size': 256, 'decay': 1e-05, 'drop_out': 0.26268039872110305, 'layers': 2, 'learn_rate': 1, 'neurons': 512}",150,131.0424611849994
0.5585973829276274,"{'L2_reg': 0.0001, 'act': 'sigmoid', 'batch_size': 256, 'decay': 1e-05, 'drop_out': 0.26210147024635605, 'layers': 2, 'learn_rate': 1, 'neurons': 256}",151,118.43858301400178
0.5916305916305916,"{'L2_reg': 0.0001, 'act': 'sigmoid', 'batch_size': 256, 'decay': 1e-05, 'drop_out': 0.3651125840703211, 'layers': 2, 'learn_rate': 1, 'neurons': 512}",152,125.07634770000004
0.859324010309334,"{'L2_reg': 0.0001, 'act': 'sigmoid', 'batch_size': 16, 'decay': 0.0001, 'drop_out': 0.2299676467891647, 'layers': 2, 'learn_rate': 1, 'neurons': 128}",153,223.47368146400186
0.659049739178102,"{'L2_reg': 0.0001, 'act': 'sigmoid', 'batch_size': 256, 'decay': 1e-05, 'drop_out': 0.3160766481790451, 'layers': 2, 'learn_rate': 1, 'neurons': 256}",154,129.36086346799857
0.690002803062418,"{'L2_reg': 0.0001, 'act': 'sigmoid', 'batch_size': 256, 'decay': 1e-05, 'drop_out': 0.18996093089074614, 'layers': 2, 'learn_rate': 1, 'neurons': 512}",155,115.15971670599902
0.6466450216450217,"{'L2_reg': 0.0001, 'act': 'sigmoid', 'batch_size': 256, 'decay': 1e-05, 'drop_out': 0.16352219067993165, 'layers': 2, 'learn_rate': 1, 'neurons': 512}",156,116.72412398400047
0.7621327533172184,"{'L2_reg': 0.0001, 'act': 'sigmoid', 'batch_size': 256, 'decay': 1e-05, 'drop_out': 0.21452571286737476, 'layers': 2, 'learn_rate': 1, 'neurons': 1024}",157,115.60105125900009
0.6275283454781231,"{'L2_reg': 0.0001, 'act': 'sigmoid', 'batch_size': 256, 'decay': 1e-05, 'drop_out': 0.13464045274439362, 'layers': 2, 'learn_rate': 0.001, 'neurons': 512}",158,124.14084127100068
0.6406298813569545,"{'L2_reg': 0.0001, 'act': 'sigmoid', 'batch_size': 256, 'decay': 1e-05, 'drop_out': 0.2603345603360719, 'layers': 2, 'learn_rate': 1, 'neurons': 256}",159,125.64075875500203
0.6629132308613384,"{'L2_reg': 0.0001, 'act': 'sigmoid', 'batch_size': 256, 'decay': 1e-05, 'drop_out': 0.24522026925871798, 'layers': 2, 'learn_rate': 1, 'neurons': 64}",160,133.84415840900328
0.6095343682137098,"{'L2_reg': 0.0001, 'act': 'sigmoid', 'batch_size': 256, 'decay': 1e-05, 'drop_out': 0.1520796593378132, 'layers': 2, 'learn_rate': 0.1, 'neurons': 512}",161,127.28080380400206
0.7954040776845408,"{'L2_reg': 0.0001, 'act': 'sigmoid', 'batch_size': 64, 'decay': 1e-05, 'drop_out': 0.0008175731311521328, 'layers': 2, 'learn_rate': 1, 'neurons': 512}",162,151.29891774200223
0.6629132308613384,"{'L2_reg': 0.0001, 'act': 'sigmoid', 'batch_size': 256, 'decay': 1e-05, 'drop_out': 0.30333683115185256, 'layers': 2, 'learn_rate': 0.01, 'neurons': 512}",163,133.14773056899867
0.6095343682137098,"{'L2_reg': 0.0001, 'act': 'sigmoid', 'batch_size': 256, 'decay': 1e-05, 'drop_out': 0.03346563187079715, 'layers': 2, 'learn_rate': 1, 'neurons': 512}",164,120.78971776699836
0.677361003069997,"{'L2_reg': 0.0001, 'act': 'sigmoid', 'batch_size': 256, 'decay': 0.0001, 'drop_out': 0.3838908851036198, 'layers': 2, 'learn_rate': 10, 'neurons': 512}",165,117.85788608000075
0.6690245307141749,"{'L2_reg': 0.01, 'act': 'sigmoid', 'batch_size': 128, 'decay': 1e-06, 'drop_out': 0.32173607718378183, 'layers': 1, 'learn_rate': 1, 'neurons': 128}",166,159.9158480219994
0.8643481527982864,"{'L2_reg': 0.0001, 'act': 'tanh', 'batch_size': 32, 'decay': 0, 'drop_out': 0.2754672808768857, 'layers': 4, 'learn_rate': 0.001, 'neurons': 1024}",167,326.86910928699945
0.7222662671021698,"{'L2_reg': 0.0001, 'act': 'sigmoid', 'batch_size': 256, 'decay': 1e-05, 'drop_out': 0.065056011268379, 'layers': 2, 'learn_rate': 0.1, 'neurons': 512}",168,139.25553983900318
0.6958503323519012,"{'L2_reg': 0.0001, 'act': 'sigmoid', 'batch_size': 64, 'decay': 1e-05, 'drop_out': 0.2399573233017754, 'layers': 2, 'learn_rate': 1, 'neurons': 512}",169,179.7531313449981
0.6080859094671984,"{'L2_reg': 0.01, 'act': 'sigmoid', 'batch_size': 128, 'decay': 1e-06, 'drop_out': 0.33770037397315555, 'layers': 1, 'learn_rate': 1, 'neurons': 256}",170,130.9697072960007
0.8957996491295177,"{'L2_reg': 0.001, 'act': 'sigmoid', 'batch_size': 16, 'decay': 0.0001, 'drop_out': 0.22299701468520655, 'layers': 3, 'learn_rate': 1, 'neurons': 64}",171,210.35534606299916
0.7126682647919717,"{'L2_reg': 0.0001, 'act': 'sigmoid', 'batch_size': 256, 'decay': 1e-05, 'drop_out': 0.2605467764175736, 'layers': 2, 'learn_rate': 1, 'neurons': 256}",172,129.3438732859977
0.7952091848502602,"{'L2_reg': 0.0001, 'act': 'tanh', 'batch_size': 256, 'decay': 0.0001, 'drop_out': 0.20110030712247587, 'layers': 2, 'learn_rate': 0.01, 'neurons': 512}",173,114.7033832859961
0.7619227316629198,"{'L2_reg': 0.01, 'act': 'sigmoid', 'batch_size': 128, 'decay': 1e-06, 'drop_out': 0.2849582020171004, 'layers': 1, 'learn_rate': 10, 'neurons': 128}",174,119.68408841199562
0.5637055337298639,"{'L2_reg': 0.0001, 'act': 'sigmoid', 'batch_size': 256, 'decay': 1e-05, 'drop_out': 0.35826772373233146, 'layers': 2, 'learn_rate': 1, 'neurons': 256}",175,131.79455266799778
0.8220768940543537,"{'L2_reg': 0.0001, 'act': 'sigmoid', 'batch_size': 32, 'decay': 0, 'drop_out': 0.12285892500348392, 'layers': 4, 'learn_rate': 0.001, 'neurons': 512}",176,176.48513985300087
0.6475265064170677,"{'L2_reg': 0.0001, 'act': 'sigmoid', 'batch_size': 256, 'decay': 1e-05, 'drop_out': 0.2516105396934996, 'layers': 2, 'learn_rate': 1, 'neurons': 1024}",177,122.28546991399344
0.6958503323519012,"{'L2_reg': 0.0001, 'act': 'tanh', 'batch_size': 256, 'decay': 1e-05, 'drop_out': 0.3431363087893305, 'layers': 2, 'learn_rate': 0.1, 'neurons': 256}",178,123.7396805440003
0.5916305916305916,"{'L2_reg': 0.01, 'act': 'sigmoid', 'batch_size': 128, 'decay': 1e-06, 'drop_out': 0.3101220487486839, 'layers': 1, 'learn_rate': 1, 'neurons': 64}",179,173.13251233199844
0.7694620499830355,"{'L2_reg': 0.001, 'act': 'sigmoid', 'batch_size': 64, 'decay': 0.0001, 'drop_out': 0.4034300763672767, 'layers': 3, 'learn_rate': 1, 'neurons': 128}",180,146.654653702004
0.8381258991947903,"{'L2_reg': 0.01, 'act': 'sigmoid', 'batch_size': 16, 'decay': 1e-06, 'drop_out': 0.2995484695107572, 'layers': 1, 'learn_rate': 0.01, 'neurons': 512}",181,204.41776440499962
0.6780618062003838,"{'L2_reg': 0.0001, 'act': 'sigmoid', 'batch_size': 256, 'decay': 1e-05, 'drop_out': 0.2666868195748982, 'layers': 2, 'learn_rate': 1, 'neurons': 256}",182,123.65122060500289
0.7905074050582618,"{'L2_reg': 0.0001, 'act': 'tanh', 'batch_size': 256, 'decay': 0.0001, 'drop_out': 0.022164125515353156, 'layers': 2, 'learn_rate': 10, 'neurons': 512}",183,129.2698667260047
0.6700390791008155,"{'L2_reg': 0.0001, 'act': 'sigmoid', 'batch_size': 128, 'decay': 0, 'drop_out': 0.20938810615373002, 'layers': 4, 'learn_rate': 1, 'neurons': 1024}",184,144.46396667299996
0.7801225280226756,"{'L2_reg': 0.01, 'act': 'sigmoid', 'batch_size': 32, 'decay': 1e-06, 'drop_out': 0.2324714411697611, 'layers': 1, 'learn_rate': 0.001, 'neurons': 64}",185,162.85412134500075
0.6333158769432415,"{'L2_reg': 0.0001, 'act': 'sigmoid', 'batch_size': 256, 'decay': 1e-05, 'drop_out': 0.29027638931174005, 'layers': 2, 'learn_rate': 1, 'neurons': 256}",186,125.32042516799993
0.7645317792760746,"{'L2_reg': 0.0001, 'act': 'sigmoid', 'batch_size': 256, 'decay': 1e-05, 'drop_out': 0.10296041949878765, 'layers': 2, 'learn_rate': 0.1, 'neurons': 512}",187,124.61057680300291
0.5637055337298639,"{'L2_reg': 0.001, 'act': 'sigmoid', 'batch_size': 256, 'decay': 0.0001, 'drop_out': 0.11271017689922658, 'layers': 2, 'learn_rate': 1, 'neurons': 512}",188,140.2696172970027
0.8036285533883857,"{'L2_reg': 0.0001, 'act': 'tanh', 'batch_size': 64, 'decay': 1e-05, 'drop_out': 0.009033677322146438, 'layers': 3, 'learn_rate': 1, 'neurons': 512}",189,160.48037507999834
0.5799789984248687,"{'L2_reg': 0.0001, 'act': 'sigmoid', 'batch_size': 256, 'decay': 1e-05, 'drop_out': 0.14271805981716829, 'layers': 2, 'learn_rate': 0.01, 'neurons': 512}",190,124.9951144000006
0.6358808491773826,"{'L2_reg': 0.0001, 'act': 'sigmoid', 'batch_size': 256, 'decay': 1e-05, 'drop_out': 0.3743533454897218, 'layers': 2, 'learn_rate': 1, 'neurons': 128}",191,135.28577711200342
0.5415075952284136,"{'L2_reg': 0.01, 'act': 'sigmoid', 'batch_size': 128, 'decay': 1e-06, 'drop_out': 0.19101277599729505, 'layers': 1, 'learn_rate': 10, 'neurons': 1024}",192,166.66740949800442
0.7315684875136631,"{'L2_reg': 0.01, 'act': 'sigmoid', 'batch_size': 128, 'decay': 1e-06, 'drop_out': 0.1771489034459796, 'layers': 1, 'learn_rate': 10, 'neurons': 1024}",193,128.2841383940031
0.8506410195921641,"{'L2_reg': 0.0001, 'act': 'sigmoid', 'batch_size': 16, 'decay': 0.0001, 'drop_out': 0.18495979391107847, 'layers': 4, 'learn_rate': 10, 'neurons': 1024}",194,279.67074039
0.731006078588563,"{'L2_reg': 0.01, 'act': 'sigmoid', 'batch_size': 128, 'decay': 0, 'drop_out': 0.16822688500606267, 'layers': 1, 'learn_rate': 10, 'neurons': 1024}",195,138.7495572810003
0.7131643154271379,"{'L2_reg': 0.001, 'act': 'tanh', 'batch_size': 128, 'decay': 1e-06, 'drop_out': 0.38914639398128925, 'layers': 3, 'learn_rate': 10, 'neurons': 1024}",196,156.4109611659951
0.8675073339073958,"{'L2_reg': 0.01, 'act': 'sigmoid', 'batch_size': 32, 'decay': 0.0001, 'drop_out': 0.4613198549772795, 'layers': 1, 'learn_rate': 10, 'neurons': 1024}",197,175.40593214799446
0.6023870830191554,"{'L2_reg': 0.0001, 'act': 'sigmoid', 'batch_size': 64, 'decay': 1e-06, 'drop_out': 0.22070944476568405, 'layers': 4, 'learn_rate': 10, 'neurons': 1024}",198,237.50776203699934
0.6297779330408825,"{'L2_reg': 0.01, 'act': 'sigmoid', 'batch_size': 16, 'decay': 0.0001, 'drop_out': 0.19335135492176908, 'layers': 1, 'learn_rate': 10, 'neurons': 1024}",199,288.059849229001
0.5765449847948602,"{'L2_reg': 0.001, 'act': 'sigmoid', 'batch_size': 128, 'decay': 0, 'drop_out': 0.43685279756301754, 'layers': 3, 'learn_rate': 10, 'neurons': 1024}",200,152.04363761699642
0.7588310843140513,"{'L2_reg': 0.01, 'act': 'sigmoid', 'batch_size': 32, 'decay': 1e-06, 'drop_out': 0.3315829356784894, 'layers': 1, 'learn_rate': 10, 'neurons': 1024}",201,169.80369155899825
0.7851397940846052,"{'L2_reg': 0.0001, 'act': 'tanh', 'batch_size': 128, 'decay': 0.0001, 'drop_out': 0.15720196434275185, 'layers': 4, 'learn_rate': 10, 'neurons': 1024}",202,158.5125768279977
0.8024721551402123,"{'L2_reg': 0.01, 'act': 'sigmoid', 'batch_size': 64, 'decay': 1e-06, 'drop_out': 0.4977361790944371, 'layers': 1, 'learn_rate': 10, 'neurons': 1024}",203,144.3680003460031
0.7520046213182636,"{'L2_reg': 0.001, 'act': 'sigmoid', 'batch_size': 16, 'decay': 0.0001, 'drop_out': 0.24019202336850945, 'layers': 3, 'learn_rate': 10, 'neurons': 1024}",204,334.3715371790022
0.7400815606640825,"{'L2_reg': 0.01, 'act': 'sigmoid', 'batch_size': 128, 'decay': 0, 'drop_out': 0.2779243402923559, 'layers': 1, 'learn_rate': 0.001, 'neurons': 1024}",205,133.1824242809962
0.7905074050582618,"{'L2_reg': 0.0001, 'act': 'sigmoid', 'batch_size': 32, 'decay': 1e-06, 'drop_out': 0.3200819138764765, 'layers': 2, 'learn_rate': 10, 'neurons': 512}",206,186.72939968900027
0.6958503323519012,"{'L2_reg': 0.0001, 'act': 'sigmoid', 'batch_size': 128, 'decay': 0.0001, 'drop_out': 0.20844471596049075, 'layers': 2, 'learn_rate': 0.1, 'neurons': 64}",207,148.64596059999894
0.6297779330408825,"{'L2_reg': 0.0001, 'act': 'sigmoid', 'batch_size': 64, 'decay': 1e-06, 'drop_out': 0.34692741183026865, 'layers': 4, 'learn_rate': 10, 'neurons': 512}",208,202.7464174839988
0.8225564220947281,"{'L2_reg': 0.01, 'act': 'tanh', 'batch_size': 256, 'decay': 0.0001, 'drop_out': 0.44958351795973023, 'layers': 1, 'learn_rate': 0.01, 'neurons': 128}",209,126.24763793999591
0.7566738816738816,"{'L2_reg': 0.0001, 'act': 'sigmoid', 'batch_size': 256, 'decay': 0, 'drop_out': 0.4216169113391001, 'layers': 2, 'learn_rate': 0.001, 'neurons': 512}",210,130.034113351001
0.9082545821070394,"{'L2_reg': 0.001, 'act': 'sigmoid', 'batch_size': 16, 'decay': 1e-06, 'drop_out': 0.30632049118289273, 'layers': 3, 'learn_rate': 0.1, 'neurons': 1024}",211,329.1892256930005
0.71823281324054,"{'L2_reg': 0.0001, 'act': 'sigmoid', 'batch_size': 128, 'decay': 0.0001, 'drop_out': 0.24672048103863947, 'layers': 2, 'learn_rate': 10, 'neurons': 512}",212,135.63728954899852
0.6773479309856845,"{'L2_reg': 0.01, 'act': 'sigmoid', 'batch_size': 256, 'decay': 1e-06, 'drop_out': 0.1483371114223999, 'layers': 2, 'learn_rate': 0.01, 'neurons': 512}",213,128.6539794459968
0.6466450216450217,"{'L2_reg': 0.0001, 'act': 'sigmoid', 'batch_size': 32, 'decay': 0.0001, 'drop_out': 0.363196797960908, 'layers': 1, 'learn_rate': 10, 'neurons': 64}",214,253.67075823600317
0.836623256642677,"{'L2_reg': 0.0001, 'act': 'tanh', 'batch_size': 256, 'decay': 1e-05, 'drop_out': 0.1322717346131021, 'layers': 2, 'learn_rate': 0.001, 'neurons': 1024}",215,131.725651630004
0.6900867690916229,"{'L2_reg': 0.0001, 'act': 'sigmoid', 'batch_size': 128, 'decay': 0, 'drop_out': 0.08819967716874755, 'layers': 2, 'learn_rate': 0.1, 'neurons': 512}",216,136.38380309200147
0.9889060581393322,"{'L2_reg': 0.01, 'act': 'sigmoid', 'batch_size': 256, 'decay': 1e-06, 'drop_out': 0.22757788750282895, 'layers': 4, 'learn_rate': 10, 'neurons': 128}",217,137.93158371900063
0.6358808491773826,"{'L2_reg': 0.0001, 'act': 'sigmoid', 'batch_size': 64, 'decay': 1e-05, 'drop_out': 0.25324488835149594, 'layers': 1, 'learn_rate': 0.01, 'neurons': 512}",218,174.20325662799587
0.8667142344091965,"{'L2_reg': 0.001, 'act': 'sigmoid', 'batch_size': 16, 'decay': 0.0001, 'drop_out': 0.2161408385525389, 'layers': 2, 'learn_rate': 1, 'neurons': 512}",219,294.4543257450059
